
[
    {"sl_no":1,"Customer_Order_ID":754349803,"Sales_Org":3911,"DISTRIBUTION_CHANNEL":"United Arab Emirates","Company_Code":3290,"Order_creation_date":"01-01-2022","Order_Amount":1405.54,"Order_Currency":"AED","Customer_Number":121049970,"Amount_in_USD":382.67 },
    {"sl_no":2,"Customer_Order_ID":9302553442,"Sales_Org":2381,"DISTRIBUTION_CHANNEL":"Greece","Company_Code":3290,"Order_creation_date":"01-01-2022","Order_Amount":1441.4835,"Order_Currency":"EUR","Customer_Number":1210351400,"Amount_in_USD":1578.86 },
    {"sl_no":3,"Customer_Order_ID":819741436,"Sales_Org":3605,"DISTRIBUTION_CHANNEL":"Argentina","Company_Code":3290,"Order_creation_date":"01-01-2022","Order_Amount":1065.33,"Order_Currency":"EUR","Customer_Number":121049979,"Amount_in_USD":1382.67 },
    {"sl_no":4,"Customer_Order_ID":754349803,"Sales_Org":3911,"DISTRIBUTION_CHANNEL":"United Arab Emirates","Company_Code":3290,"Order_creation_date":"01-01-2022","Order_Amount":1405.54,"Order_Currency":"AED","Customer_Number":121049970,"Amount_in_USD":382.67 },
    {"sl_no":5,"Customer_Order_ID":754349803,"Sales_Org":3911,"DISTRIBUTION_CHANNEL":"United Arab Emirates","Company_Code":3290,"Order_creation_date":"01-01-2022","Order_Amount":1405.54,"Order_Currency":"AED","Customer_Number":121049970,"Amount_in_USD":382.67 }
]